model,class,precision,recall,f1,support
dense,Camiseta/top,0.791,0.848,0.8185,1000
dense,Pantalón,0.9818,0.969,0.9753,1000
dense,Jersey,0.8362,0.684,0.7525,1000
dense,Vestido,0.8369,0.903,0.8687,1000
dense,Abrigo,0.7108,0.87,0.7824,1000
dense,Sandalia,0.9349,0.962,0.9483,1000
dense,Camisa,0.7193,0.597,0.6525,1000
dense,Zapatilla,0.9289,0.94,0.9344,1000
dense,Bolso,0.9724,0.953,0.9626,1000
dense,Botín,0.967,0.937,0.9518,1000
cnn,Camiseta/top,0.6451,0.807,0.717,1000
cnn,Pantalón,0.9883,0.932,0.9593,1000
cnn,Jersey,0.7055,0.642,0.6723,1000
cnn,Vestido,0.7534,0.843,0.7957,1000
cnn,Abrigo,0.661,0.663,0.662,1000
cnn,Sandalia,0.9496,0.885,0.9161,1000
cnn,Camisa,0.5,0.374,0.4279,1000
cnn,Zapatilla,0.8546,0.952,0.9007,1000
cnn,Bolso,0.9168,0.937,0.9268,1000
cnn,Botín,0.9353,0.896,0.9152,1000
